id,maquinaria_id,nombre_plan,tipo_mantenimiento,tipo_plan,horas_operacion,intervalo_dias,descripcion,activo,fecha_registro,fecha_actualizacion
1,1,PM-250H Cargador WA470,PREVENTIVO,POR_HORAS,250,0,Mantenimiento preventivo estándar de 250 horas. Incluye cambio de filtros y aceites según manual.,1,Wed Dec 03 2025 12:03:21 GMT-0400 (Bolivia Time),Wed Dec 03 2025 12:03:21 GMT-0400 (Bolivia Time)
2,1,PM-500H Cargador WA470,PREVENTIVO,POR_HORAS,500,0,Mantenimiento preventivo estándar de 500 horas. Incluye cambio de filtros y aceites según manual.,1,Wed Dec 03 2025 12:03:21 GMT-0400 (Bolivia Time),Wed Dec 03 2025 12:03:21 GMT-0400 (Bolivia Time)
3,1,PM-1000H Cargador WA470,PREVENTIVO,POR_HORAS,1000,0,Mantenimiento preventivo estándar de 1000 horas. Incluye cambio de filtros y aceites según manual.,1,Wed Dec 03 2025 12:03:21 GMT-0400 (Bolivia Time),Wed Dec 03 2025 12:03:21 GMT-0400 (Bolivia Time)
4,1,PM-2000H Cargador WA470,PREVENTIVO,POR_HORAS,2000,0,Mantenimiento preventivo estándar de 2000 horas. Incluye cambio de filtros y aceites según manual.,1,Wed Dec 03 2025 12:03:21 GMT-0400 (Bolivia Time),Wed Dec 03 2025 12:03:21 GMT-0400 (Bolivia Time)
5,1,Correctivo General WA470,CORRECTIVO,CRONOGRAMA,0,0,Plan para reparaciones no programadas y fallas imprevistas.,1,Wed Dec 03 2025 12:03:21 GMT-0400 (Bolivia Time),Wed Dec 03 2025 12:03:21 GMT-0400 (Bolivia Time)
6,2,PM-250H Retroexcavadora 4CX,PREVENTIVO,POR_HORAS,250,0,Mantenimiento preventivo estándar de 250 horas. Incluye cambio de filtros y aceites según manual.,1,Wed Dec 03 2025 12:03:21 GMT-0400 (Bolivia Time),Wed Dec 03 2025 12:03:21 GMT-0400 (Bolivia Time)
7,2,PM-500H Retroexcavadora 4CX,PREVENTIVO,POR_HORAS,500,0,Mantenimiento preventivo estándar de 500 horas. Incluye cambio de filtros y aceites según manual.,1,Wed Dec 03 2025 12:03:21 GMT-0400 (Bolivia Time),Wed Dec 03 2025 12:03:21 GMT-0400 (Bolivia Time)
8,2,PM-1000H Retroexcavadora 4CX,PREVENTIVO,POR_HORAS,1000,0,Mantenimiento preventivo estándar de 1000 horas. Incluye cambio de filtros y aceites según manual.,1,Wed Dec 03 2025 12:03:21 GMT-0400 (Bolivia Time),Wed Dec 03 2025 12:03:21 GMT-0400 (Bolivia Time)
9,2,PM-2000H Retroexcavadora 4CX,PREVENTIVO,POR_HORAS,2000,0,Mantenimiento preventivo estándar de 2000 horas. Incluye cambio de filtros y aceites según manual.,1,Wed Dec 03 2025 12:03:21 GMT-0400 (Bolivia Time),Wed Dec 03 2025 12:03:21 GMT-0400 (Bolivia Time)
10,2,Correctivo General 4CX,CORRECTIVO,CRONOGRAMA,0,0,Plan para reparaciones no programadas y fallas imprevistas.,1,Wed Dec 03 2025 12:03:21 GMT-0400 (Bolivia Time),Wed Dec 03 2025 12:03:21 GMT-0400 (Bolivia Time)
11,3,PM-250H Grúa GMK4100,PREVENTIVO,POR_HORAS,250,0,Mantenimiento preventivo estándar de 250 horas. Incluye cambio de filtros y aceites según manual.,1,Wed Dec 03 2025 12:03:21 GMT-0400 (Bolivia Time),Wed Dec 03 2025 12:03:21 GMT-0400 (Bolivia Time)
12,3,PM-500H Grúa GMK4100,PREVENTIVO,POR_HORAS,500,0,Mantenimiento preventivo estándar de 500 horas. Incluye cambio de filtros y aceites según manual.,1,Wed Dec 03 2025 12:03:21 GMT-0400 (Bolivia Time),Wed Dec 03 2025 12:03:21 GMT-0400 (Bolivia Time)
13,3,PM-1000H Grúa GMK4100,PREVENTIVO,POR_HORAS,1000,0,Mantenimiento preventivo estándar de 1000 horas. Incluye cambio de filtros y aceites según manual.,1,Wed Dec 03 2025 12:03:21 GMT-0400 (Bolivia Time),Wed Dec 03 2025 12:03:21 GMT-0400 (Bolivia Time)
14,3,PM-2000H Grúa GMK4100,PREVENTIVO,POR_HORAS,2000,0,Mantenimiento preventivo estándar de 2000 horas. Incluye cambio de filtros y aceites según manual.,1,Wed Dec 03 2025 12:03:21 GMT-0400 (Bolivia Time),Wed Dec 03 2025 12:03:21 GMT-0400 (Bolivia Time)
15,3,Correctivo General GMK4100,CORRECTIVO,CRONOGRAMA,0,0,Plan para reparaciones no programadas y fallas imprevistas.,1,Wed Dec 03 2025 12:03:21 GMT-0400 (Bolivia Time),Wed Dec 03 2025 12:03:21 GMT-0400 (Bolivia Time)
16,4,PM-250H Grúa RT890E,PREVENTIVO,POR_HORAS,250,0,Mantenimiento preventivo estándar de 250 horas. Incluye cambio de filtros y aceites según manual.,1,Wed Dec 03 2025 12:03:21 GMT-0400 (Bolivia Time),Wed Dec 03 2025 12:03:21 GMT-0400 (Bolivia Time)
17,4,PM-500H Grúa RT890E,PREVENTIVO,POR_HORAS,500,0,Mantenimiento preventivo estándar de 500 horas. Incluye cambio de filtros y aceites según manual.,1,Wed Dec 03 2025 12:03:21 GMT-0400 (Bolivia Time),Wed Dec 03 2025 12:03:21 GMT-0400 (Bolivia Time)
18,4,PM-1000H Grúa RT890E,PREVENTIVO,POR_HORAS,1000,0,Mantenimiento preventivo estándar de 1000 horas. Incluye cambio de filtros y aceites según manual.,1,Wed Dec 03 2025 12:03:21 GMT-0400 (Bolivia Time),Wed Dec 03 2025 12:03:21 GMT-0400 (Bolivia Time)
19,4,PM-2000H Grúa RT890E,PREVENTIVO,POR_HORAS,2000,0,Mantenimiento preventivo estándar de 2000 horas. Incluye cambio de filtros y aceites según manual.,1,Wed Dec 03 2025 12:03:21 GMT-0400 (Bolivia Time),Wed Dec 03 2025 12:03:21 GMT-0400 (Bolivia Time)
20,4,Correctivo General RT890E,CORRECTIVO,CRONOGRAMA,0,0,Plan para reparaciones no programadas y fallas imprevistas.,1,Wed Dec 03 2025 12:03:21 GMT-0400 (Bolivia Time),Wed Dec 03 2025 12:03:21 GMT-0400 (Bolivia Time)
21,5,PM-250H Perforadora D245S,PREVENTIVO,POR_HORAS,250,0,Mantenimiento preventivo estándar de 250 horas. Incluye cambio de filtros y aceites según manual.,1,Wed Dec 03 2025 12:03:21 GMT-0400 (Bolivia Time),Wed Dec 03 2025 12:03:21 GMT-0400 (Bolivia Time)
22,5,PM-500H Perforadora D245S,PREVENTIVO,POR_HORAS,500,0,Mantenimiento preventivo estándar de 500 horas. Incluye cambio de filtros y aceites según manual.,1,Wed Dec 03 2025 12:03:21 GMT-0400 (Bolivia Time),Wed Dec 03 2025 12:03:21 GMT-0400 (Bolivia Time)
23,5,PM-1000H Perforadora D245S,PREVENTIVO,POR_HORAS,1000,0,Mantenimiento preventivo estándar de 1000 horas. Incluye cambio de filtros y aceites según manual.,1,Wed Dec 03 2025 12:03:21 GMT-0400 (Bolivia Time),Wed Dec 03 2025 12:03:21 GMT-0400 (Bolivia Time)
24,5,PM-2000H Perforadora D245S,PREVENTIVO,POR_HORAS,2000,0,Mantenimiento preventivo estándar de 2000 horas. Incluye cambio de filtros y aceites según manual.,1,Wed Dec 03 2025 12:03:21 GMT-0400 (Bolivia Time),Wed Dec 03 2025 12:03:21 GMT-0400 (Bolivia Time)
25,5,Correctivo General D245S,CORRECTIVO,CRONOGRAMA,0,0,Plan para reparaciones no programadas y fallas imprevistas.,1,Wed Dec 03 2025 12:03:21 GMT-0400 (Bolivia Time),Wed Dec 03 2025 12:03:21 GMT-0400 (Bolivia Time)
26,6,PM-250H Minicargador SR250,PREVENTIVO,POR_HORAS,250,0,Mantenimiento preventivo estándar de 250 horas. Incluye cambio de filtros y aceites según manual.,1,Wed Dec 03 2025 12:03:21 GMT-0400 (Bolivia Time),Wed Dec 03 2025 12:03:21 GMT-0400 (Bolivia Time)
27,6,PM-500H Minicargador SR250,PREVENTIVO,POR_HORAS,500,0,Mantenimiento preventivo estándar de 500 horas. Incluye cambio de filtros y aceites según manual.,1,Wed Dec 03 2025 12:03:21 GMT-0400 (Bolivia Time),Wed Dec 03 2025 12:03:21 GMT-0400 (Bolivia Time)
28,6,PM-1000H Minicargador SR250,PREVENTIVO,POR_HORAS,1000,0,Mantenimiento preventivo estándar de 1000 horas. Incluye cambio de filtros y aceites según manual.,1,Wed Dec 03 2025 12:03:21 GMT-0400 (Bolivia Time),Wed Dec 03 2025 12:03:21 GMT-0400 (Bolivia Time)
29,6,PM-2000H Minicargador SR250,PREVENTIVO,POR_HORAS,2000,0,Mantenimiento preventivo estándar de 2000 horas. Incluye cambio de filtros y aceites según manual.,1,Wed Dec 03 2025 12:03:21 GMT-0400 (Bolivia Time),Wed Dec 03 2025 12:03:21 GMT-0400 (Bolivia Time)
30,6,Correctivo General SR250,CORRECTIVO,CRONOGRAMA,0,0,Plan para reparaciones no programadas y fallas imprevistas.,1,Wed Dec 03 2025 12:03:21 GMT-0400 (Bolivia Time),Wed Dec 03 2025 12:03:21 GMT-0400 (Bolivia Time)
31,7,PM-250H Minicargador SR250,PREVENTIVO,POR_HORAS,250,0,Mantenimiento preventivo estándar de 250 horas. Incluye cambio de filtros y aceites según manual.,1,Wed Dec 03 2025 12:03:21 GMT-0400 (Bolivia Time),Wed Dec 03 2025 12:03:21 GMT-0400 (Bolivia Time)
32,7,PM-500H Minicargador SR250,PREVENTIVO,POR_HORAS,500,0,Mantenimiento preventivo estándar de 500 horas. Incluye cambio de filtros y aceites según manual.,1,Wed Dec 03 2025 12:03:21 GMT-0400 (Bolivia Time),Wed Dec 03 2025 12:03:21 GMT-0400 (Bolivia Time)
33,7,PM-1000H Minicargador SR250,PREVENTIVO,POR_HORAS,1000,0,Mantenimiento preventivo estándar de 1000 horas. Incluye cambio de filtros y aceites según manual.,1,Wed Dec 03 2025 12:03:21 GMT-0400 (Bolivia Time),Wed Dec 03 2025 12:03:21 GMT-0400 (Bolivia Time)
34,7,PM-2000H Minicargador SR250,PREVENTIVO,POR_HORAS,2000,0,Mantenimiento preventivo estándar de 2000 horas. Incluye cambio de filtros y aceites según manual.,1,Wed Dec 03 2025 12:03:21 GMT-0400 (Bolivia Time),Wed Dec 03 2025 12:03:21 GMT-0400 (Bolivia Time)
35,7,Correctivo General SR250,CORRECTIVO,CRONOGRAMA,0,0,Plan para reparaciones no programadas y fallas imprevistas.,1,Wed Dec 03 2025 12:03:21 GMT-0400 (Bolivia Time),Wed Dec 03 2025 12:03:21 GMT-0400 (Bolivia Time)
36,8,PM-250H Minicargador S650,PREVENTIVO,POR_HORAS,250,0,Mantenimiento preventivo estándar de 250 horas. Incluye cambio de filtros y aceites según manual.,1,Wed Dec 03 2025 12:03:21 GMT-0400 (Bolivia Time),Wed Dec 03 2025 12:03:21 GMT-0400 (Bolivia Time)
37,8,PM-500H Minicargador S650,PREVENTIVO,POR_HORAS,500,0,Mantenimiento preventivo estándar de 500 horas. Incluye cambio de filtros y aceites según manual.,1,Wed Dec 03 2025 12:03:21 GMT-0400 (Bolivia Time),Wed Dec 03 2025 12:03:21 GMT-0400 (Bolivia Time)
38,8,PM-1000H Minicargador S650,PREVENTIVO,POR_HORAS,1000,0,Mantenimiento preventivo estándar de 1000 horas. Incluye cambio de filtros y aceites según manual.,1,Wed Dec 03 2025 12:03:21 GMT-0400 (Bolivia Time),Wed Dec 03 2025 12:03:21 GMT-0400 (Bolivia Time)
39,8,PM-2000H Minicargador S650,PREVENTIVO,POR_HORAS,2000,0,Mantenimiento preventivo estándar de 2000 horas. Incluye cambio de filtros y aceites según manual.,1,Wed Dec 03 2025 12:03:21 GMT-0400 (Bolivia Time),Wed Dec 03 2025 12:03:21 GMT-0400 (Bolivia Time)
40,8,Correctivo General S650,CORRECTIVO,CRONOGRAMA,0,0,Plan para reparaciones no programadas y fallas imprevistas.,1,Wed Dec 03 2025 12:03:21 GMT-0400 (Bolivia Time),Wed Dec 03 2025 12:03:21 GMT-0400 (Bolivia Time)
41,9,PM-250H Motoniveladora GD655,PREVENTIVO,POR_HORAS,250,0,Mantenimiento preventivo estándar de 250 horas. Incluye cambio de filtros y aceites según manual.,1,Wed Dec 03 2025 12:03:21 GMT-0400 (Bolivia Time),Wed Dec 03 2025 12:03:21 GMT-0400 (Bolivia Time)
42,9,PM-500H Motoniveladora GD655,PREVENTIVO,POR_HORAS,500,0,Mantenimiento preventivo estándar de 500 horas. Incluye cambio de filtros y aceites según manual.,1,Wed Dec 03 2025 12:03:21 GMT-0400 (Bolivia Time),Wed Dec 03 2025 12:03:21 GMT-0400 (Bolivia Time)
43,9,PM-1000H Motoniveladora GD655,PREVENTIVO,POR_HORAS,1000,0,Mantenimiento preventivo estándar de 1000 horas. Incluye cambio de filtros y aceites según manual.,1,Wed Dec 03 2025 12:03:21 GMT-0400 (Bolivia Time),Wed Dec 03 2025 12:03:21 GMT-0400 (Bolivia Time)
44,9,PM-2000H Motoniveladora GD655,PREVENTIVO,POR_HORAS,2000,0,Mantenimiento preventivo estándar de 2000 horas. Incluye cambio de filtros y aceites según manual.,1,Wed Dec 03 2025 12:03:21 GMT-0400 (Bolivia Time),Wed Dec 03 2025 12:03:21 GMT-0400 (Bolivia Time)
45,9,Correctivo General GD655,CORRECTIVO,CRONOGRAMA,0,0,Plan para reparaciones no programadas y fallas imprevistas.,1,Wed Dec 03 2025 12:03:21 GMT-0400 (Bolivia Time),Wed Dec 03 2025 12:03:21 GMT-0400 (Bolivia Time)
46,10,PM-250H Motoniveladora 14M,PREVENTIVO,POR_HORAS,250,0,Mantenimiento preventivo estándar de 250 horas. Incluye cambio de filtros y aceites según manual.,1,Wed Dec 03 2025 12:03:21 GMT-0400 (Bolivia Time),Wed Dec 03 2025 12:03:21 GMT-0400 (Bolivia Time)
47,10,PM-500H Motoniveladora 14M,PREVENTIVO,POR_HORAS,500,0,Mantenimiento preventivo estándar de 500 horas. Incluye cambio de filtros y aceites según manual.,1,Wed Dec 03 2025 12:03:21 GMT-0400 (Bolivia Time),Wed Dec 03 2025 12:03:21 GMT-0400 (Bolivia Time)
48,10,PM-1000H Motoniveladora 14M,PREVENTIVO,POR_HORAS,1000,0,Mantenimiento preventivo estándar de 1000 horas. Incluye cambio de filtros y aceites según manual.,1,Wed Dec 03 2025 12:03:21 GMT-0400 (Bolivia Time),Wed Dec 03 2025 12:03:21 GMT-0400 (Bolivia Time)
49,10,PM-2000H Motoniveladora 14M,PREVENTIVO,POR_HORAS,2000,0,Mantenimiento preventivo estándar de 2000 horas. Incluye cambio de filtros y aceites según manual.,1,Wed Dec 03 2025 12:03:21 GMT-0400 (Bolivia Time),Wed Dec 03 2025 12:03:21 GMT-0400 (Bolivia Time)
50,10,Correctivo General 14M,CORRECTIVO,CRONOGRAMA,0,0,Plan para reparaciones no programadas y fallas imprevistas.,1,Wed Dec 03 2025 12:03:21 GMT-0400 (Bolivia Time),Wed Dec 03 2025 12:03:21 GMT-0400 (Bolivia Time)
51,11,PM-250H Excavadora 330,PREVENTIVO,POR_HORAS,250,0,Mantenimiento preventivo estándar de 250 horas. Incluye cambio de filtros y aceites según manual.,1,Wed Dec 03 2025 12:03:21 GMT-0400 (Bolivia Time),Wed Dec 03 2025 12:03:21 GMT-0400 (Bolivia Time)
52,11,PM-500H Excavadora 330,PREVENTIVO,POR_HORAS,500,0,Mantenimiento preventivo estándar de 500 horas. Incluye cambio de filtros y aceites según manual.,1,Wed Dec 03 2025 12:03:21 GMT-0400 (Bolivia Time),Wed Dec 03 2025 12:03:21 GMT-0400 (Bolivia Time)
53,11,PM-1000H Excavadora 330,PREVENTIVO,POR_HORAS,1000,0,Mantenimiento preventivo estándar de 1000 horas. Incluye cambio de filtros y aceites según manual.,1,Wed Dec 03 2025 12:03:21 GMT-0400 (Bolivia Time),Wed Dec 03 2025 12:03:21 GMT-0400 (Bolivia Time)
54,11,PM-2000H Excavadora 330,PREVENTIVO,POR_HORAS,2000,0,Mantenimiento preventivo estándar de 2000 horas. Incluye cambio de filtros y aceites según manual.,1,Wed Dec 03 2025 12:03:21 GMT-0400 (Bolivia Time),Wed Dec 03 2025 12:03:21 GMT-0400 (Bolivia Time)
55,11,Correctivo General 330,CORRECTIVO,CRONOGRAMA,0,0,Plan para reparaciones no programadas y fallas imprevistas.,1,Wed Dec 03 2025 12:03:21 GMT-0400 (Bolivia Time),Wed Dec 03 2025 12:03:21 GMT-0400 (Bolivia Time)
56,12,PM-250H Cargador 950M,PREVENTIVO,POR_HORAS,250,0,Mantenimiento preventivo estándar de 250 horas. Incluye cambio de filtros y aceites según manual.,1,Wed Dec 03 2025 12:03:21 GMT-0400 (Bolivia Time),Wed Dec 03 2025 12:03:21 GMT-0400 (Bolivia Time)
57,12,PM-500H Cargador 950M,PREVENTIVO,POR_HORAS,500,0,Mantenimiento preventivo estándar de 500 horas. Incluye cambio de filtros y aceites según manual.,1,Wed Dec 03 2025 12:03:21 GMT-0400 (Bolivia Time),Wed Dec 03 2025 12:03:21 GMT-0400 (Bolivia Time)
58,12,PM-1000H Cargador 950M,PREVENTIVO,POR_HORAS,1000,0,Mantenimiento preventivo estándar de 1000 horas. Incluye cambio de filtros y aceites según manual.,1,Wed Dec 03 2025 12:03:21 GMT-0400 (Bolivia Time),Wed Dec 03 2025 12:03:21 GMT-0400 (Bolivia Time)
59,12,PM-2000H Cargador 950M,PREVENTIVO,POR_HORAS,2000,0,Mantenimiento preventivo estándar de 2000 horas. Incluye cambio de filtros y aceites según manual.,1,Wed Dec 03 2025 12:03:21 GMT-0400 (Bolivia Time),Wed Dec 03 2025 12:03:21 GMT-0400 (Bolivia Time)
60,12,Correctivo General 950M,CORRECTIVO,CRONOGRAMA,0,0,Plan para reparaciones no programadas y fallas imprevistas.,1,Wed Dec 03 2025 12:03:21 GMT-0400 (Bolivia Time),Wed Dec 03 2025 12:03:21 GMT-0400 (Bolivia Time)
61,13,PM-250H Rodillo CS66,PREVENTIVO,POR_HORAS,250,0,Mantenimiento preventivo estándar de 250 horas. Incluye cambio de filtros y aceites según manual.,1,Wed Dec 03 2025 12:03:21 GMT-0400 (Bolivia Time),Wed Dec 03 2025 12:03:21 GMT-0400 (Bolivia Time)
62,13,PM-500H Rodillo CS66,PREVENTIVO,POR_HORAS,500,0,Mantenimiento preventivo estándar de 500 horas. Incluye cambio de filtros y aceites según manual.,1,Wed Dec 03 2025 12:03:21 GMT-0400 (Bolivia Time),Wed Dec 03 2025 12:03:21 GMT-0400 (Bolivia Time)
63,13,PM-1000H Rodillo CS66,PREVENTIVO,POR_HORAS,1000,0,Mantenimiento preventivo estándar de 1000 horas. Incluye cambio de filtros y aceites según manual.,1,Wed Dec 03 2025 12:03:21 GMT-0400 (Bolivia Time),Wed Dec 03 2025 12:03:21 GMT-0400 (Bolivia Time)
64,13,PM-2000H Rodillo CS66,PREVENTIVO,POR_HORAS,2000,0,Mantenimiento preventivo estándar de 2000 horas. Incluye cambio de filtros y aceites según manual.,1,Wed Dec 03 2025 12:03:21 GMT-0400 (Bolivia Time),Wed Dec 03 2025 12:03:21 GMT-0400 (Bolivia Time)
65,13,Correctivo General CS66,CORRECTIVO,CRONOGRAMA,0,0,Plan para reparaciones no programadas y fallas imprevistas.,1,Wed Dec 03 2025 12:03:21 GMT-0400 (Bolivia Time),Wed Dec 03 2025 12:03:21 GMT-0400 (Bolivia Time)
66,14,PM-250H Cargador L150,PREVENTIVO,POR_HORAS,250,0,Mantenimiento preventivo estándar de 250 horas. Incluye cambio de filtros y aceites según manual.,1,Wed Dec 03 2025 12:03:21 GMT-0400 (Bolivia Time),Wed Dec 03 2025 12:03:21 GMT-0400 (Bolivia Time)
67,14,PM-500H Cargador L150,PREVENTIVO,POR_HORAS,500,0,Mantenimiento preventivo estándar de 500 horas. Incluye cambio de filtros y aceites según manual.,1,Wed Dec 03 2025 12:03:21 GMT-0400 (Bolivia Time),Wed Dec 03 2025 12:03:21 GMT-0400 (Bolivia Time)
68,14,PM-1000H Cargador L150,PREVENTIVO,POR_HORAS,1000,0,Mantenimiento preventivo estándar de 1000 horas. Incluye cambio de filtros y aceites según manual.,1,Wed Dec 03 2025 12:03:21 GMT-0400 (Bolivia Time),Wed Dec 03 2025 12:03:21 GMT-0400 (Bolivia Time)
69,14,PM-2000H Cargador L150,PREVENTIVO,POR_HORAS,2000,0,Mantenimiento preventivo estándar de 2000 horas. Incluye cambio de filtros y aceites según manual.,1,Wed Dec 03 2025 12:03:21 GMT-0400 (Bolivia Time),Wed Dec 03 2025 12:03:21 GMT-0400 (Bolivia Time)
70,14,Correctivo General L150,CORRECTIVO,CRONOGRAMA,0,0,Plan para reparaciones no programadas y fallas imprevistas.,1,Wed Dec 03 2025 12:03:21 GMT-0400 (Bolivia Time),Wed Dec 03 2025 12:03:21 GMT-0400 (Bolivia Time)
71,15,PM-250H Motoniveladora GD655,PREVENTIVO,POR_HORAS,250,0,Mantenimiento preventivo estándar de 250 horas. Incluye cambio de filtros y aceites según manual.,1,Wed Dec 03 2025 12:03:21 GMT-0400 (Bolivia Time),Wed Dec 03 2025 12:03:21 GMT-0400 (Bolivia Time)
72,15,PM-500H Motoniveladora GD655,PREVENTIVO,POR_HORAS,500,0,Mantenimiento preventivo estándar de 500 horas. Incluye cambio de filtros y aceites según manual.,1,Wed Dec 03 2025 12:03:21 GMT-0400 (Bolivia Time),Wed Dec 03 2025 12:03:21 GMT-0400 (Bolivia Time)
73,15,PM-1000H Motoniveladora GD655,PREVENTIVO,POR_HORAS,1000,0,Mantenimiento preventivo estándar de 1000 horas. Incluye cambio de filtros y aceites según manual.,1,Wed Dec 03 2025 12:03:21 GMT-0400 (Bolivia Time),Wed Dec 03 2025 12:03:21 GMT-0400 (Bolivia Time)
74,15,PM-2000H Motoniveladora GD655,PREVENTIVO,POR_HORAS,2000,0,Mantenimiento preventivo estándar de 2000 horas. Incluye cambio de filtros y aceites según manual.,1,Wed Dec 03 2025 12:03:21 GMT-0400 (Bolivia Time),Wed Dec 03 2025 12:03:21 GMT-0400 (Bolivia Time)
75,15,Correctivo General GD655,CORRECTIVO,CRONOGRAMA,0,0,Plan para reparaciones no programadas y fallas imprevistas.,1,Wed Dec 03 2025 12:03:21 GMT-0400 (Bolivia Time),Wed Dec 03 2025 12:03:21 GMT-0400 (Bolivia Time)
76,16,PM-250H Retroexcavadora 4CX,PREVENTIVO,POR_HORAS,250,0,Mantenimiento preventivo estándar de 250 horas. Incluye cambio de filtros y aceites según manual.,1,Wed Dec 03 2025 12:03:21 GMT-0400 (Bolivia Time),Wed Dec 03 2025 12:03:21 GMT-0400 (Bolivia Time)
77,16,PM-500H Retroexcavadora 4CX,PREVENTIVO,POR_HORAS,500,0,Mantenimiento preventivo estándar de 500 horas. Incluye cambio de filtros y aceites según manual.,1,Wed Dec 03 2025 12:03:21 GMT-0400 (Bolivia Time),Wed Dec 03 2025 12:03:21 GMT-0400 (Bolivia Time)
78,16,PM-1000H Retroexcavadora 4CX,PREVENTIVO,POR_HORAS,1000,0,Mantenimiento preventivo estándar de 1000 horas. Incluye cambio de filtros y aceites según manual.,1,Wed Dec 03 2025 12:03:21 GMT-0400 (Bolivia Time),Wed Dec 03 2025 12:03:21 GMT-0400 (Bolivia Time)
79,16,PM-2000H Retroexcavadora 4CX,PREVENTIVO,POR_HORAS,2000,0,Mantenimiento preventivo estándar de 2000 horas. Incluye cambio de filtros y aceites según manual.,1,Wed Dec 03 2025 12:03:21 GMT-0400 (Bolivia Time),Wed Dec 03 2025 12:03:21 GMT-0400 (Bolivia Time)
80,16,Correctivo General 4CX,CORRECTIVO,CRONOGRAMA,0,0,Plan para reparaciones no programadas y fallas imprevistas.,1,Wed Dec 03 2025 12:03:21 GMT-0400 (Bolivia Time),Wed Dec 03 2025 12:03:21 GMT-0400 (Bolivia Time)
81,17,PM-250H Excavadora 349,PREVENTIVO,POR_HORAS,250,0,Mantenimiento preventivo estándar de 250 horas. Incluye cambio de filtros y aceites según manual.,1,Wed Dec 03 2025 12:03:21 GMT-0400 (Bolivia Time),Wed Dec 03 2025 12:03:21 GMT-0400 (Bolivia Time)
82,17,PM-500H Excavadora 349,PREVENTIVO,POR_HORAS,500,0,Mantenimiento preventivo estándar de 500 horas. Incluye cambio de filtros y aceites según manual.,1,Wed Dec 03 2025 12:03:21 GMT-0400 (Bolivia Time),Wed Dec 03 2025 12:03:21 GMT-0400 (Bolivia Time)
83,17,PM-1000H Excavadora 349,PREVENTIVO,POR_HORAS,1000,0,Mantenimiento preventivo estándar de 1000 horas. Incluye cambio de filtros y aceites según manual.,1,Wed Dec 03 2025 12:03:21 GMT-0400 (Bolivia Time),Wed Dec 03 2025 12:03:21 GMT-0400 (Bolivia Time)
84,17,PM-2000H Excavadora 349,PREVENTIVO,POR_HORAS,2000,0,Mantenimiento preventivo estándar de 2000 horas. Incluye cambio de filtros y aceites según manual.,1,Wed Dec 03 2025 12:03:21 GMT-0400 (Bolivia Time),Wed Dec 03 2025 12:03:21 GMT-0400 (Bolivia Time)
85,17,Correctivo General 349,CORRECTIVO,CRONOGRAMA,0,0,Plan para reparaciones no programadas y fallas imprevistas.,1,Wed Dec 03 2025 12:03:21 GMT-0400 (Bolivia Time),Wed Dec 03 2025 12:03:21 GMT-0400 (Bolivia Time)
86,18,PM-250H Excavadora 349,PREVENTIVO,POR_HORAS,250,0,Mantenimiento preventivo estándar de 250 horas. Incluye cambio de filtros y aceites según manual.,1,Wed Dec 03 2025 12:03:21 GMT-0400 (Bolivia Time),Wed Dec 03 2025 12:03:21 GMT-0400 (Bolivia Time)
87,18,PM-500H Excavadora 349,PREVENTIVO,POR_HORAS,500,0,Mantenimiento preventivo estándar de 500 horas. Incluye cambio de filtros y aceites según manual.,1,Wed Dec 03 2025 12:03:21 GMT-0400 (Bolivia Time),Wed Dec 03 2025 12:03:21 GMT-0400 (Bolivia Time)
88,18,PM-1000H Excavadora 349,PREVENTIVO,POR_HORAS,1000,0,Mantenimiento preventivo estándar de 1000 horas. Incluye cambio de filtros y aceites según manual.,1,Wed Dec 03 2025 12:03:21 GMT-0400 (Bolivia Time),Wed Dec 03 2025 12:03:21 GMT-0400 (Bolivia Time)
89,18,PM-2000H Excavadora 349,PREVENTIVO,POR_HORAS,2000,0,Mantenimiento preventivo estándar de 2000 horas. Incluye cambio de filtros y aceites según manual.,1,Wed Dec 03 2025 12:03:21 GMT-0400 (Bolivia Time),Wed Dec 03 2025 12:03:21 GMT-0400 (Bolivia Time)
90,18,Correctivo General 349,CORRECTIVO,CRONOGRAMA,0,0,Plan para reparaciones no programadas y fallas imprevistas.,1,Wed Dec 03 2025 12:03:21 GMT-0400 (Bolivia Time),Wed Dec 03 2025 12:03:21 GMT-0400 (Bolivia Time)
91,19,PM-250H Retroexcavadora 4CX,PREVENTIVO,POR_HORAS,250,0,Mantenimiento preventivo estándar de 250 horas. Incluye cambio de filtros y aceites según manual.,1,Wed Dec 03 2025 12:03:21 GMT-0400 (Bolivia Time),Wed Dec 03 2025 12:03:21 GMT-0400 (Bolivia Time)
92,19,PM-500H Retroexcavadora 4CX,PREVENTIVO,POR_HORAS,500,0,Mantenimiento preventivo estándar de 500 horas. Incluye cambio de filtros y aceites según manual.,1,Wed Dec 03 2025 12:03:21 GMT-0400 (Bolivia Time),Wed Dec 03 2025 12:03:21 GMT-0400 (Bolivia Time)
93,19,PM-1000H Retroexcavadora 4CX,PREVENTIVO,POR_HORAS,1000,0,Mantenimiento preventivo estándar de 1000 horas. Incluye cambio de filtros y aceites según manual.,1,Wed Dec 03 2025 12:03:21 GMT-0400 (Bolivia Time),Wed Dec 03 2025 12:03:21 GMT-0400 (Bolivia Time)
94,19,PM-2000H Retroexcavadora 4CX,PREVENTIVO,POR_HORAS,2000,0,Mantenimiento preventivo estándar de 2000 horas. Incluye cambio de filtros y aceites según manual.,1,Wed Dec 03 2025 12:03:21 GMT-0400 (Bolivia Time),Wed Dec 03 2025 12:03:21 GMT-0400 (Bolivia Time)
95,19,Correctivo General 4CX,CORRECTIVO,CRONOGRAMA,0,0,Plan para reparaciones no programadas y fallas imprevistas.,1,Wed Dec 03 2025 12:03:21 GMT-0400 (Bolivia Time),Wed Dec 03 2025 12:03:21 GMT-0400 (Bolivia Time)
96,20,PM-250H Minicargador S650,PREVENTIVO,POR_HORAS,250,0,Mantenimiento preventivo estándar de 250 horas. Incluye cambio de filtros y aceites según manual.,1,Wed Dec 03 2025 12:03:21 GMT-0400 (Bolivia Time),Wed Dec 03 2025 12:03:21 GMT-0400 (Bolivia Time)
97,20,PM-500H Minicargador S650,PREVENTIVO,POR_HORAS,500,0,Mantenimiento preventivo estándar de 500 horas. Incluye cambio de filtros y aceites según manual.,1,Wed Dec 03 2025 12:03:21 GMT-0400 (Bolivia Time),Wed Dec 03 2025 12:03:21 GMT-0400 (Bolivia Time)
98,20,PM-1000H Minicargador S650,PREVENTIVO,POR_HORAS,1000,0,Mantenimiento preventivo estándar de 1000 horas. Incluye cambio de filtros y aceites según manual.,1,Wed Dec 03 2025 12:03:21 GMT-0400 (Bolivia Time),Wed Dec 03 2025 12:03:21 GMT-0400 (Bolivia Time)
99,20,PM-2000H Minicargador S650,PREVENTIVO,POR_HORAS,2000,0,Mantenimiento preventivo estándar de 2000 horas. Incluye cambio de filtros y aceites según manual.,1,Wed Dec 03 2025 12:03:21 GMT-0400 (Bolivia Time),Wed Dec 03 2025 12:03:21 GMT-0400 (Bolivia Time)
100,20,Correctivo General S650,CORRECTIVO,CRONOGRAMA,0,0,Plan para reparaciones no programadas y fallas imprevistas.,1,Wed Dec 03 2025 12:03:21 GMT-0400 (Bolivia Time),Wed Dec 03 2025 12:03:21 GMT-0400 (Bolivia Time)
101,21,PM-250H Minicargador 272D,PREVENTIVO,POR_HORAS,250,0,Mantenimiento preventivo estándar de 250 horas. Incluye cambio de filtros y aceites según manual.,1,Wed Dec 03 2025 12:03:21 GMT-0400 (Bolivia Time),Wed Dec 03 2025 12:03:21 GMT-0400 (Bolivia Time)
102,21,PM-500H Minicargador 272D,PREVENTIVO,POR_HORAS,500,0,Mantenimiento preventivo estándar de 500 horas. Incluye cambio de filtros y aceites según manual.,1,Wed Dec 03 2025 12:03:21 GMT-0400 (Bolivia Time),Wed Dec 03 2025 12:03:21 GMT-0400 (Bolivia Time)
103,21,PM-1000H Minicargador 272D,PREVENTIVO,POR_HORAS,1000,0,Mantenimiento preventivo estándar de 1000 horas. Incluye cambio de filtros y aceites según manual.,1,Wed Dec 03 2025 12:03:21 GMT-0400 (Bolivia Time),Wed Dec 03 2025 12:03:21 GMT-0400 (Bolivia Time)
104,21,PM-2000H Minicargador 272D,PREVENTIVO,POR_HORAS,2000,0,Mantenimiento preventivo estándar de 2000 horas. Incluye cambio de filtros y aceites según manual.,1,Wed Dec 03 2025 12:03:21 GMT-0400 (Bolivia Time),Wed Dec 03 2025 12:03:21 GMT-0400 (Bolivia Time)
105,21,Correctivo General 272D,CORRECTIVO,CRONOGRAMA,0,0,Plan para reparaciones no programadas y fallas imprevistas.,1,Wed Dec 03 2025 12:03:21 GMT-0400 (Bolivia Time),Wed Dec 03 2025 12:03:21 GMT-0400 (Bolivia Time)
106,22,PM-250H Minicargador 272D,PREVENTIVO,POR_HORAS,250,0,Mantenimiento preventivo estándar de 250 horas. Incluye cambio de filtros y aceites según manual.,1,Wed Dec 03 2025 12:03:21 GMT-0400 (Bolivia Time),Wed Dec 03 2025 12:03:21 GMT-0400 (Bolivia Time)
107,22,PM-500H Minicargador 272D,PREVENTIVO,POR_HORAS,500,0,Mantenimiento preventivo estándar de 500 horas. Incluye cambio de filtros y aceites según manual.,1,Wed Dec 03 2025 12:03:21 GMT-0400 (Bolivia Time),Wed Dec 03 2025 12:03:21 GMT-0400 (Bolivia Time)
108,22,PM-1000H Minicargador 272D,PREVENTIVO,POR_HORAS,1000,0,Mantenimiento preventivo estándar de 1000 horas. Incluye cambio de filtros y aceites según manual.,1,Wed Dec 03 2025 12:03:21 GMT-0400 (Bolivia Time),Wed Dec 03 2025 12:03:21 GMT-0400 (Bolivia Time)
109,22,PM-2000H Minicargador 272D,PREVENTIVO,POR_HORAS,2000,0,Mantenimiento preventivo estándar de 2000 horas. Incluye cambio de filtros y aceites según manual.,1,Wed Dec 03 2025 12:03:21 GMT-0400 (Bolivia Time),Wed Dec 03 2025 12:03:21 GMT-0400 (Bolivia Time)
110,22,Correctivo General 272D,CORRECTIVO,CRONOGRAMA,0,0,Plan para reparaciones no programadas y fallas imprevistas.,1,Wed Dec 03 2025 12:03:21 GMT-0400 (Bolivia Time),Wed Dec 03 2025 12:03:21 GMT-0400 (Bolivia Time)
111,23,PM-250H Volquete HD785,PREVENTIVO,POR_HORAS,250,0,Mantenimiento preventivo estándar de 250 horas. Incluye cambio de filtros y aceites según manual.,1,Wed Dec 03 2025 12:03:21 GMT-0400 (Bolivia Time),Wed Dec 03 2025 12:03:21 GMT-0400 (Bolivia Time)
112,23,PM-500H Volquete HD785,PREVENTIVO,POR_HORAS,500,0,Mantenimiento preventivo estándar de 500 horas. Incluye cambio de filtros y aceites según manual.,1,Wed Dec 03 2025 12:03:21 GMT-0400 (Bolivia Time),Wed Dec 03 2025 12:03:21 GMT-0400 (Bolivia Time)
113,23,PM-1000H Volquete HD785,PREVENTIVO,POR_HORAS,1000,0,Mantenimiento preventivo estándar de 1000 horas. Incluye cambio de filtros y aceites según manual.,1,Wed Dec 03 2025 12:03:21 GMT-0400 (Bolivia Time),Wed Dec 03 2025 12:03:21 GMT-0400 (Bolivia Time)
114,23,PM-2000H Volquete HD785,PREVENTIVO,POR_HORAS,2000,0,Mantenimiento preventivo estándar de 2000 horas. Incluye cambio de filtros y aceites según manual.,1,Wed Dec 03 2025 12:03:21 GMT-0400 (Bolivia Time),Wed Dec 03 2025 12:03:21 GMT-0400 (Bolivia Time)
115,23,Correctivo General HD785,CORRECTIVO,CRONOGRAMA,0,0,Plan para reparaciones no programadas y fallas imprevistas.,1,Wed Dec 03 2025 12:03:21 GMT-0400 (Bolivia Time),Wed Dec 03 2025 12:03:21 GMT-0400 (Bolivia Time)
116,24,PM-250H Motoniveladora GD655,PREVENTIVO,POR_HORAS,250,0,Mantenimiento preventivo estándar de 250 horas. Incluye cambio de filtros y aceites según manual.,1,Wed Dec 03 2025 12:03:21 GMT-0400 (Bolivia Time),Wed Dec 03 2025 12:03:21 GMT-0400 (Bolivia Time)
117,24,PM-500H Motoniveladora GD655,PREVENTIVO,POR_HORAS,500,0,Mantenimiento preventivo estándar de 500 horas. Incluye cambio de filtros y aceites según manual.,1,Wed Dec 03 2025 12:03:21 GMT-0400 (Bolivia Time),Wed Dec 03 2025 12:03:21 GMT-0400 (Bolivia Time)
118,24,PM-1000H Motoniveladora GD655,PREVENTIVO,POR_HORAS,1000,0,Mantenimiento preventivo estándar de 1000 horas. Incluye cambio de filtros y aceites según manual.,1,Wed Dec 03 2025 12:03:21 GMT-0400 (Bolivia Time),Wed Dec 03 2025 12:03:21 GMT-0400 (Bolivia Time)
119,24,PM-2000H Motoniveladora GD655,PREVENTIVO,POR_HORAS,2000,0,Mantenimiento preventivo estándar de 2000 horas. Incluye cambio de filtros y aceites según manual.,1,Wed Dec 03 2025 12:03:21 GMT-0400 (Bolivia Time),Wed Dec 03 2025 12:03:21 GMT-0400 (Bolivia Time)
120,24,Correctivo General GD655,CORRECTIVO,CRONOGRAMA,0,0,Plan para reparaciones no programadas y fallas imprevistas.,1,Wed Dec 03 2025 12:03:21 GMT-0400 (Bolivia Time),Wed Dec 03 2025 12:03:21 GMT-0400 (Bolivia Time)
121,25,PM-250H Retroexcavadora WB97,PREVENTIVO,POR_HORAS,250,0,Mantenimiento preventivo estándar de 250 horas. Incluye cambio de filtros y aceites según manual.,1,Wed Dec 03 2025 12:03:21 GMT-0400 (Bolivia Time),Wed Dec 03 2025 12:03:21 GMT-0400 (Bolivia Time)
122,25,PM-500H Retroexcavadora WB97,PREVENTIVO,POR_HORAS,500,0,Mantenimiento preventivo estándar de 500 horas. Incluye cambio de filtros y aceites según manual.,1,Wed Dec 03 2025 12:03:21 GMT-0400 (Bolivia Time),Wed Dec 03 2025 12:03:21 GMT-0400 (Bolivia Time)
123,25,PM-1000H Retroexcavadora WB97,PREVENTIVO,POR_HORAS,1000,0,Mantenimiento preventivo estándar de 1000 horas. Incluye cambio de filtros y aceites según manual.,1,Wed Dec 03 2025 12:03:21 GMT-0400 (Bolivia Time),Wed Dec 03 2025 12:03:21 GMT-0400 (Bolivia Time)
124,25,PM-2000H Retroexcavadora WB97,PREVENTIVO,POR_HORAS,2000,0,Mantenimiento preventivo estándar de 2000 horas. Incluye cambio de filtros y aceites según manual.,1,Wed Dec 03 2025 12:03:21 GMT-0400 (Bolivia Time),Wed Dec 03 2025 12:03:21 GMT-0400 (Bolivia Time)
125,25,Correctivo General WB97,CORRECTIVO,CRONOGRAMA,0,0,Plan para reparaciones no programadas y fallas imprevistas.,1,Wed Dec 03 2025 12:03:21 GMT-0400 (Bolivia Time),Wed Dec 03 2025 12:03:21 GMT-0400 (Bolivia Time)
126,26,PM-250H Cargador L150,PREVENTIVO,POR_HORAS,250,0,Mantenimiento preventivo estándar de 250 horas. Incluye cambio de filtros y aceites según manual.,1,Wed Dec 03 2025 12:03:21 GMT-0400 (Bolivia Time),Wed Dec 03 2025 12:03:21 GMT-0400 (Bolivia Time)
127,26,PM-500H Cargador L150,PREVENTIVO,POR_HORAS,500,0,Mantenimiento preventivo estándar de 500 horas. Incluye cambio de filtros y aceites según manual.,1,Wed Dec 03 2025 12:03:21 GMT-0400 (Bolivia Time),Wed Dec 03 2025 12:03:21 GMT-0400 (Bolivia Time)
128,26,PM-1000H Cargador L150,PREVENTIVO,POR_HORAS,1000,0,Mantenimiento preventivo estándar de 1000 horas. Incluye cambio de filtros y aceites según manual.,1,Wed Dec 03 2025 12:03:21 GMT-0400 (Bolivia Time),Wed Dec 03 2025 12:03:21 GMT-0400 (Bolivia Time)
129,26,PM-2000H Cargador L150,PREVENTIVO,POR_HORAS,2000,0,Mantenimiento preventivo estándar de 2000 horas. Incluye cambio de filtros y aceites según manual.,1,Wed Dec 03 2025 12:03:21 GMT-0400 (Bolivia Time),Wed Dec 03 2025 12:03:21 GMT-0400 (Bolivia Time)
130,26,Correctivo General L150,CORRECTIVO,CRONOGRAMA,0,0,Plan para reparaciones no programadas y fallas imprevistas.,1,Wed Dec 03 2025 12:03:21 GMT-0400 (Bolivia Time),Wed Dec 03 2025 12:03:21 GMT-0400 (Bolivia Time)
131,27,PM-250H Excavadora EC220,PREVENTIVO,POR_HORAS,250,0,Mantenimiento preventivo estándar de 250 horas. Incluye cambio de filtros y aceites según manual.,1,Wed Dec 03 2025 12:03:21 GMT-0400 (Bolivia Time),Wed Dec 03 2025 12:03:21 GMT-0400 (Bolivia Time)
132,27,PM-500H Excavadora EC220,PREVENTIVO,POR_HORAS,500,0,Mantenimiento preventivo estándar de 500 horas. Incluye cambio de filtros y aceites según manual.,1,Wed Dec 03 2025 12:03:21 GMT-0400 (Bolivia Time),Wed Dec 03 2025 12:03:21 GMT-0400 (Bolivia Time)
133,27,PM-1000H Excavadora EC220,PREVENTIVO,POR_HORAS,1000,0,Mantenimiento preventivo estándar de 1000 horas. Incluye cambio de filtros y aceites según manual.,1,Wed Dec 03 2025 12:03:21 GMT-0400 (Bolivia Time),Wed Dec 03 2025 12:03:21 GMT-0400 (Bolivia Time)
134,27,PM-2000H Excavadora EC220,PREVENTIVO,POR_HORAS,2000,0,Mantenimiento preventivo estándar de 2000 horas. Incluye cambio de filtros y aceites según manual.,1,Wed Dec 03 2025 12:03:21 GMT-0400 (Bolivia Time),Wed Dec 03 2025 12:03:21 GMT-0400 (Bolivia Time)
135,27,Correctivo General EC220,CORRECTIVO,CRONOGRAMA,0,0,Plan para reparaciones no programadas y fallas imprevistas.,1,Wed Dec 03 2025 12:03:21 GMT-0400 (Bolivia Time),Wed Dec 03 2025 12:03:21 GMT-0400 (Bolivia Time)
136,28,PM-250H Grúa LTM 1050,PREVENTIVO,POR_HORAS,250,0,Mantenimiento preventivo estándar de 250 horas. Incluye cambio de filtros y aceites según manual.,1,Wed Dec 03 2025 12:03:21 GMT-0400 (Bolivia Time),Wed Dec 03 2025 12:03:21 GMT-0400 (Bolivia Time)
137,28,PM-500H Grúa LTM 1050,PREVENTIVO,POR_HORAS,500,0,Mantenimiento preventivo estándar de 500 horas. Incluye cambio de filtros y aceites según manual.,1,Wed Dec 03 2025 12:03:21 GMT-0400 (Bolivia Time),Wed Dec 03 2025 12:03:21 GMT-0400 (Bolivia Time)
138,28,PM-1000H Grúa LTM 1050,PREVENTIVO,POR_HORAS,1000,0,Mantenimiento preventivo estándar de 1000 horas. Incluye cambio de filtros y aceites según manual.,1,Wed Dec 03 2025 12:03:21 GMT-0400 (Bolivia Time),Wed Dec 03 2025 12:03:21 GMT-0400 (Bolivia Time)
139,28,PM-2000H Grúa LTM 1050,PREVENTIVO,POR_HORAS,2000,0,Mantenimiento preventivo estándar de 2000 horas. Incluye cambio de filtros y aceites según manual.,1,Wed Dec 03 2025 12:03:21 GMT-0400 (Bolivia Time),Wed Dec 03 2025 12:03:21 GMT-0400 (Bolivia Time)
140,28,Correctivo General LTM 1050,CORRECTIVO,CRONOGRAMA,0,0,Plan para reparaciones no programadas y fallas imprevistas.,1,Wed Dec 03 2025 12:03:21 GMT-0400 (Bolivia Time),Wed Dec 03 2025 12:03:21 GMT-0400 (Bolivia Time)
141,29,PM-250H Bulldozer D275,PREVENTIVO,POR_HORAS,250,0,Mantenimiento preventivo estándar de 250 horas. Incluye cambio de filtros y aceites según manual.,1,Wed Dec 03 2025 12:03:21 GMT-0400 (Bolivia Time),Wed Dec 03 2025 12:03:21 GMT-0400 (Bolivia Time)
142,29,PM-500H Bulldozer D275,PREVENTIVO,POR_HORAS,500,0,Mantenimiento preventivo estándar de 500 horas. Incluye cambio de filtros y aceites según manual.,1,Wed Dec 03 2025 12:03:21 GMT-0400 (Bolivia Time),Wed Dec 03 2025 12:03:21 GMT-0400 (Bolivia Time)
143,29,PM-1000H Bulldozer D275,PREVENTIVO,POR_HORAS,1000,0,Mantenimiento preventivo estándar de 1000 horas. Incluye cambio de filtros y aceites según manual.,1,Wed Dec 03 2025 12:03:21 GMT-0400 (Bolivia Time),Wed Dec 03 2025 12:03:21 GMT-0400 (Bolivia Time)
144,29,PM-2000H Bulldozer D275,PREVENTIVO,POR_HORAS,2000,0,Mantenimiento preventivo estándar de 2000 horas. Incluye cambio de filtros y aceites según manual.,1,Wed Dec 03 2025 12:03:21 GMT-0400 (Bolivia Time),Wed Dec 03 2025 12:03:21 GMT-0400 (Bolivia Time)
145,29,Correctivo General D275,CORRECTIVO,CRONOGRAMA,0,0,Plan para reparaciones no programadas y fallas imprevistas.,1,Wed Dec 03 2025 12:03:21 GMT-0400 (Bolivia Time),Wed Dec 03 2025 12:03:21 GMT-0400 (Bolivia Time)
146,30,PM-250H Motoniveladora 140M,PREVENTIVO,POR_HORAS,250,0,Mantenimiento preventivo estándar de 250 horas. Incluye cambio de filtros y aceites según manual.,1,Wed Dec 03 2025 12:03:21 GMT-0400 (Bolivia Time),Wed Dec 03 2025 12:03:21 GMT-0400 (Bolivia Time)
147,30,PM-500H Motoniveladora 140M,PREVENTIVO,POR_HORAS,500,0,Mantenimiento preventivo estándar de 500 horas. Incluye cambio de filtros y aceites según manual.,1,Wed Dec 03 2025 12:03:21 GMT-0400 (Bolivia Time),Wed Dec 03 2025 12:03:21 GMT-0400 (Bolivia Time)
148,30,PM-1000H Motoniveladora 140M,PREVENTIVO,POR_HORAS,1000,0,Mantenimiento preventivo estándar de 1000 horas. Incluye cambio de filtros y aceites según manual.,1,Wed Dec 03 2025 12:03:21 GMT-0400 (Bolivia Time),Wed Dec 03 2025 12:03:21 GMT-0400 (Bolivia Time)
149,30,PM-2000H Motoniveladora 140M,PREVENTIVO,POR_HORAS,2000,0,Mantenimiento preventivo estándar de 2000 horas. Incluye cambio de filtros y aceites según manual.,1,Wed Dec 03 2025 12:03:21 GMT-0400 (Bolivia Time),Wed Dec 03 2025 12:03:21 GMT-0400 (Bolivia Time)
150,30,Correctivo General 140M,CORRECTIVO,CRONOGRAMA,0,0,Plan para reparaciones no programadas y fallas imprevistas.,1,Wed Dec 03 2025 12:03:21 GMT-0400 (Bolivia Time),Wed Dec 03 2025 12:03:21 GMT-0400 (Bolivia Time)
151,31,PM-250H Motoniveladora 140M,PREVENTIVO,POR_HORAS,250,0,Mantenimiento preventivo estándar de 250 horas. Incluye cambio de filtros y aceites según manual.,1,Wed Dec 03 2025 12:03:21 GMT-0400 (Bolivia Time),Wed Dec 03 2025 12:03:21 GMT-0400 (Bolivia Time)
152,31,PM-500H Motoniveladora 140M,PREVENTIVO,POR_HORAS,500,0,Mantenimiento preventivo estándar de 500 horas. Incluye cambio de filtros y aceites según manual.,1,Wed Dec 03 2025 12:03:21 GMT-0400 (Bolivia Time),Wed Dec 03 2025 12:03:21 GMT-0400 (Bolivia Time)
153,31,PM-1000H Motoniveladora 140M,PREVENTIVO,POR_HORAS,1000,0,Mantenimiento preventivo estándar de 1000 horas. Incluye cambio de filtros y aceites según manual.,1,Wed Dec 03 2025 12:03:21 GMT-0400 (Bolivia Time),Wed Dec 03 2025 12:03:21 GMT-0400 (Bolivia Time)
154,31,PM-2000H Motoniveladora 140M,PREVENTIVO,POR_HORAS,2000,0,Mantenimiento preventivo estándar de 2000 horas. Incluye cambio de filtros y aceites según manual.,1,Wed Dec 03 2025 12:03:21 GMT-0400 (Bolivia Time),Wed Dec 03 2025 12:03:21 GMT-0400 (Bolivia Time)
155,31,Correctivo General 140M,CORRECTIVO,CRONOGRAMA,0,0,Plan para reparaciones no programadas y fallas imprevistas.,1,Wed Dec 03 2025 12:03:21 GMT-0400 (Bolivia Time),Wed Dec 03 2025 12:03:21 GMT-0400 (Bolivia Time)
156,32,PM-250H Bulldozer D9T,PREVENTIVO,POR_HORAS,250,0,Mantenimiento preventivo estándar de 250 horas. Incluye cambio de filtros y aceites según manual.,1,Wed Dec 03 2025 12:03:21 GMT-0400 (Bolivia Time),Wed Dec 03 2025 12:03:21 GMT-0400 (Bolivia Time)
157,32,PM-500H Bulldozer D9T,PREVENTIVO,POR_HORAS,500,0,Mantenimiento preventivo estándar de 500 horas. Incluye cambio de filtros y aceites según manual.,1,Wed Dec 03 2025 12:03:21 GMT-0400 (Bolivia Time),Wed Dec 03 2025 12:03:21 GMT-0400 (Bolivia Time)
158,32,PM-1000H Bulldozer D9T,PREVENTIVO,POR_HORAS,1000,0,Mantenimiento preventivo estándar de 1000 horas. Incluye cambio de filtros y aceites según manual.,1,Wed Dec 03 2025 12:03:21 GMT-0400 (Bolivia Time),Wed Dec 03 2025 12:03:21 GMT-0400 (Bolivia Time)
159,32,PM-2000H Bulldozer D9T,PREVENTIVO,POR_HORAS,2000,0,Mantenimiento preventivo estándar de 2000 horas. Incluye cambio de filtros y aceites según manual.,1,Wed Dec 03 2025 12:03:21 GMT-0400 (Bolivia Time),Wed Dec 03 2025 12:03:21 GMT-0400 (Bolivia Time)
160,32,Correctivo General D9T,CORRECTIVO,CRONOGRAMA,0,0,Plan para reparaciones no programadas y fallas imprevistas.,1,Wed Dec 03 2025 12:03:21 GMT-0400 (Bolivia Time),Wed Dec 03 2025 12:03:21 GMT-0400 (Bolivia Time)
161,33,PM-250H Volquete A40G,PREVENTIVO,POR_HORAS,250,0,Mantenimiento preventivo estándar de 250 horas. Incluye cambio de filtros y aceites según manual.,1,Wed Dec 03 2025 12:03:21 GMT-0400 (Bolivia Time),Wed Dec 03 2025 12:03:21 GMT-0400 (Bolivia Time)
162,33,PM-500H Volquete A40G,PREVENTIVO,POR_HORAS,500,0,Mantenimiento preventivo estándar de 500 horas. Incluye cambio de filtros y aceites según manual.,1,Wed Dec 03 2025 12:03:21 GMT-0400 (Bolivia Time),Wed Dec 03 2025 12:03:21 GMT-0400 (Bolivia Time)
163,33,PM-1000H Volquete A40G,PREVENTIVO,POR_HORAS,1000,0,Mantenimiento preventivo estándar de 1000 horas. Incluye cambio de filtros y aceites según manual.,1,Wed Dec 03 2025 12:03:21 GMT-0400 (Bolivia Time),Wed Dec 03 2025 12:03:21 GMT-0400 (Bolivia Time)
164,33,PM-2000H Volquete A40G,PREVENTIVO,POR_HORAS,2000,0,Mantenimiento preventivo estándar de 2000 horas. Incluye cambio de filtros y aceites según manual.,1,Wed Dec 03 2025 12:03:21 GMT-0400 (Bolivia Time),Wed Dec 03 2025 12:03:21 GMT-0400 (Bolivia Time)
165,33,Correctivo General A40G,CORRECTIVO,CRONOGRAMA,0,0,Plan para reparaciones no programadas y fallas imprevistas.,1,Wed Dec 03 2025 12:03:21 GMT-0400 (Bolivia Time),Wed Dec 03 2025 12:03:21 GMT-0400 (Bolivia Time)
166,34,PM-250H Excavadora EC220,PREVENTIVO,POR_HORAS,250,0,Mantenimiento preventivo estándar de 250 horas. Incluye cambio de filtros y aceites según manual.,1,Wed Dec 03 2025 12:03:21 GMT-0400 (Bolivia Time),Wed Dec 03 2025 12:03:21 GMT-0400 (Bolivia Time)
167,34,PM-500H Excavadora EC220,PREVENTIVO,POR_HORAS,500,0,Mantenimiento preventivo estándar de 500 horas. Incluye cambio de filtros y aceites según manual.,1,Wed Dec 03 2025 12:03:21 GMT-0400 (Bolivia Time),Wed Dec 03 2025 12:03:21 GMT-0400 (Bolivia Time)
168,34,PM-1000H Excavadora EC220,PREVENTIVO,POR_HORAS,1000,0,Mantenimiento preventivo estándar de 1000 horas. Incluye cambio de filtros y aceites según manual.,1,Wed Dec 03 2025 12:03:21 GMT-0400 (Bolivia Time),Wed Dec 03 2025 12:03:21 GMT-0400 (Bolivia Time)
169,34,PM-2000H Excavadora EC220,PREVENTIVO,POR_HORAS,2000,0,Mantenimiento preventivo estándar de 2000 horas. Incluye cambio de filtros y aceites según manual.,1,Wed Dec 03 2025 12:03:21 GMT-0400 (Bolivia Time),Wed Dec 03 2025 12:03:21 GMT-0400 (Bolivia Time)
170,34,Correctivo General EC220,CORRECTIVO,CRONOGRAMA,0,0,Plan para reparaciones no programadas y fallas imprevistas.,1,Wed Dec 03 2025 12:03:21 GMT-0400 (Bolivia Time),Wed Dec 03 2025 12:03:21 GMT-0400 (Bolivia Time)
171,35,PM-250H Grúa GMK4100,PREVENTIVO,POR_HORAS,250,0,Mantenimiento preventivo estándar de 250 horas. Incluye cambio de filtros y aceites según manual.,1,Wed Dec 03 2025 12:03:21 GMT-0400 (Bolivia Time),Wed Dec 03 2025 12:03:21 GMT-0400 (Bolivia Time)
172,35,PM-500H Grúa GMK4100,PREVENTIVO,POR_HORAS,500,0,Mantenimiento preventivo estándar de 500 horas. Incluye cambio de filtros y aceites según manual.,1,Wed Dec 03 2025 12:03:21 GMT-0400 (Bolivia Time),Wed Dec 03 2025 12:03:21 GMT-0400 (Bolivia Time)
173,35,PM-1000H Grúa GMK4100,PREVENTIVO,POR_HORAS,1000,0,Mantenimiento preventivo estándar de 1000 horas. Incluye cambio de filtros y aceites según manual.,1,Wed Dec 03 2025 12:03:21 GMT-0400 (Bolivia Time),Wed Dec 03 2025 12:03:21 GMT-0400 (Bolivia Time)
174,35,PM-2000H Grúa GMK4100,PREVENTIVO,POR_HORAS,2000,0,Mantenimiento preventivo estándar de 2000 horas. Incluye cambio de filtros y aceites según manual.,1,Wed Dec 03 2025 12:03:21 GMT-0400 (Bolivia Time),Wed Dec 03 2025 12:03:21 GMT-0400 (Bolivia Time)
175,35,Correctivo General GMK4100,CORRECTIVO,CRONOGRAMA,0,0,Plan para reparaciones no programadas y fallas imprevistas.,1,Wed Dec 03 2025 12:03:21 GMT-0400 (Bolivia Time),Wed Dec 03 2025 12:03:21 GMT-0400 (Bolivia Time)
176,36,PM-250H Volquete HD785,PREVENTIVO,POR_HORAS,250,0,Mantenimiento preventivo estándar de 250 horas. Incluye cambio de filtros y aceites según manual.,1,Wed Dec 03 2025 12:03:21 GMT-0400 (Bolivia Time),Wed Dec 03 2025 12:03:21 GMT-0400 (Bolivia Time)
177,36,PM-500H Volquete HD785,PREVENTIVO,POR_HORAS,500,0,Mantenimiento preventivo estándar de 500 horas. Incluye cambio de filtros y aceites según manual.,1,Wed Dec 03 2025 12:03:21 GMT-0400 (Bolivia Time),Wed Dec 03 2025 12:03:21 GMT-0400 (Bolivia Time)
178,36,PM-1000H Volquete HD785,PREVENTIVO,POR_HORAS,1000,0,Mantenimiento preventivo estándar de 1000 horas. Incluye cambio de filtros y aceites según manual.,1,Wed Dec 03 2025 12:03:21 GMT-0400 (Bolivia Time),Wed Dec 03 2025 12:03:21 GMT-0400 (Bolivia Time)
179,36,PM-2000H Volquete HD785,PREVENTIVO,POR_HORAS,2000,0,Mantenimiento preventivo estándar de 2000 horas. Incluye cambio de filtros y aceites según manual.,1,Wed Dec 03 2025 12:03:21 GMT-0400 (Bolivia Time),Wed Dec 03 2025 12:03:21 GMT-0400 (Bolivia Time)
180,36,Correctivo General HD785,CORRECTIVO,CRONOGRAMA,0,0,Plan para reparaciones no programadas y fallas imprevistas.,1,Wed Dec 03 2025 12:03:21 GMT-0400 (Bolivia Time),Wed Dec 03 2025 12:03:21 GMT-0400 (Bolivia Time)
181,37,PM-250H Volquete 730C,PREVENTIVO,POR_HORAS,250,0,Mantenimiento preventivo estándar de 250 horas. Incluye cambio de filtros y aceites según manual.,1,Wed Dec 03 2025 12:03:21 GMT-0400 (Bolivia Time),Wed Dec 03 2025 12:03:21 GMT-0400 (Bolivia Time)
182,37,PM-500H Volquete 730C,PREVENTIVO,POR_HORAS,500,0,Mantenimiento preventivo estándar de 500 horas. Incluye cambio de filtros y aceites según manual.,1,Wed Dec 03 2025 12:03:21 GMT-0400 (Bolivia Time),Wed Dec 03 2025 12:03:21 GMT-0400 (Bolivia Time)
183,37,PM-1000H Volquete 730C,PREVENTIVO,POR_HORAS,1000,0,Mantenimiento preventivo estándar de 1000 horas. Incluye cambio de filtros y aceites según manual.,1,Wed Dec 03 2025 12:03:21 GMT-0400 (Bolivia Time),Wed Dec 03 2025 12:03:21 GMT-0400 (Bolivia Time)
184,37,PM-2000H Volquete 730C,PREVENTIVO,POR_HORAS,2000,0,Mantenimiento preventivo estándar de 2000 horas. Incluye cambio de filtros y aceites según manual.,1,Wed Dec 03 2025 12:03:21 GMT-0400 (Bolivia Time),Wed Dec 03 2025 12:03:21 GMT-0400 (Bolivia Time)
185,37,Correctivo General 730C,CORRECTIVO,CRONOGRAMA,0,0,Plan para reparaciones no programadas y fallas imprevistas.,1,Wed Dec 03 2025 12:03:21 GMT-0400 (Bolivia Time),Wed Dec 03 2025 12:03:21 GMT-0400 (Bolivia Time)
186,38,PM-250H Cargador 950M,PREVENTIVO,POR_HORAS,250,0,Mantenimiento preventivo estándar de 250 horas. Incluye cambio de filtros y aceites según manual.,1,Wed Dec 03 2025 12:03:21 GMT-0400 (Bolivia Time),Wed Dec 03 2025 12:03:21 GMT-0400 (Bolivia Time)
187,38,PM-500H Cargador 950M,PREVENTIVO,POR_HORAS,500,0,Mantenimiento preventivo estándar de 500 horas. Incluye cambio de filtros y aceites según manual.,1,Wed Dec 03 2025 12:03:21 GMT-0400 (Bolivia Time),Wed Dec 03 2025 12:03:21 GMT-0400 (Bolivia Time)
188,38,PM-1000H Cargador 950M,PREVENTIVO,POR_HORAS,1000,0,Mantenimiento preventivo estándar de 1000 horas. Incluye cambio de filtros y aceites según manual.,1,Wed Dec 03 2025 12:03:21 GMT-0400 (Bolivia Time),Wed Dec 03 2025 12:03:21 GMT-0400 (Bolivia Time)
189,38,PM-2000H Cargador 950M,PREVENTIVO,POR_HORAS,2000,0,Mantenimiento preventivo estándar de 2000 horas. Incluye cambio de filtros y aceites según manual.,1,Wed Dec 03 2025 12:03:21 GMT-0400 (Bolivia Time),Wed Dec 03 2025 12:03:21 GMT-0400 (Bolivia Time)
190,38,Correctivo General 950M,CORRECTIVO,CRONOGRAMA,0,0,Plan para reparaciones no programadas y fallas imprevistas.,1,Wed Dec 03 2025 12:03:21 GMT-0400 (Bolivia Time),Wed Dec 03 2025 12:03:21 GMT-0400 (Bolivia Time)
191,39,PM-250H Retroexcavadora 430F,PREVENTIVO,POR_HORAS,250,0,Mantenimiento preventivo estándar de 250 horas. Incluye cambio de filtros y aceites según manual.,1,Wed Dec 03 2025 12:03:21 GMT-0400 (Bolivia Time),Wed Dec 03 2025 12:03:21 GMT-0400 (Bolivia Time)
192,39,PM-500H Retroexcavadora 430F,PREVENTIVO,POR_HORAS,500,0,Mantenimiento preventivo estándar de 500 horas. Incluye cambio de filtros y aceites según manual.,1,Wed Dec 03 2025 12:03:21 GMT-0400 (Bolivia Time),Wed Dec 03 2025 12:03:21 GMT-0400 (Bolivia Time)
193,39,PM-1000H Retroexcavadora 430F,PREVENTIVO,POR_HORAS,1000,0,Mantenimiento preventivo estándar de 1000 horas. Incluye cambio de filtros y aceites según manual.,1,Wed Dec 03 2025 12:03:21 GMT-0400 (Bolivia Time),Wed Dec 03 2025 12:03:21 GMT-0400 (Bolivia Time)
194,39,PM-2000H Retroexcavadora 430F,PREVENTIVO,POR_HORAS,2000,0,Mantenimiento preventivo estándar de 2000 horas. Incluye cambio de filtros y aceites según manual.,1,Wed Dec 03 2025 12:03:21 GMT-0400 (Bolivia Time),Wed Dec 03 2025 12:03:21 GMT-0400 (Bolivia Time)
195,39,Correctivo General 430F,CORRECTIVO,CRONOGRAMA,0,0,Plan para reparaciones no programadas y fallas imprevistas.,1,Wed Dec 03 2025 12:03:21 GMT-0400 (Bolivia Time),Wed Dec 03 2025 12:03:21 GMT-0400 (Bolivia Time)
196,40,PM-250H Volquete HD785,PREVENTIVO,POR_HORAS,250,0,Mantenimiento preventivo estándar de 250 horas. Incluye cambio de filtros y aceites según manual.,1,Wed Dec 03 2025 12:03:21 GMT-0400 (Bolivia Time),Wed Dec 03 2025 12:03:21 GMT-0400 (Bolivia Time)
197,40,PM-500H Volquete HD785,PREVENTIVO,POR_HORAS,500,0,Mantenimiento preventivo estándar de 500 horas. Incluye cambio de filtros y aceites según manual.,1,Wed Dec 03 2025 12:03:21 GMT-0400 (Bolivia Time),Wed Dec 03 2025 12:03:21 GMT-0400 (Bolivia Time)
198,40,PM-1000H Volquete HD785,PREVENTIVO,POR_HORAS,1000,0,Mantenimiento preventivo estándar de 1000 horas. Incluye cambio de filtros y aceites según manual.,1,Wed Dec 03 2025 12:03:21 GMT-0400 (Bolivia Time),Wed Dec 03 2025 12:03:21 GMT-0400 (Bolivia Time)
199,40,PM-2000H Volquete HD785,PREVENTIVO,POR_HORAS,2000,0,Mantenimiento preventivo estándar de 2000 horas. Incluye cambio de filtros y aceites según manual.,1,Wed Dec 03 2025 12:03:21 GMT-0400 (Bolivia Time),Wed Dec 03 2025 12:03:21 GMT-0400 (Bolivia Time)
200,40,Correctivo General HD785,CORRECTIVO,CRONOGRAMA,0,0,Plan para reparaciones no programadas y fallas imprevistas.,1,Wed Dec 03 2025 12:03:21 GMT-0400 (Bolivia Time),Wed Dec 03 2025 12:03:21 GMT-0400 (Bolivia Time)
201,41,PM-250H Retroexcavadora 430F,PREVENTIVO,POR_HORAS,250,0,Mantenimiento preventivo estándar de 250 horas. Incluye cambio de filtros y aceites según manual.,1,Wed Dec 03 2025 12:03:21 GMT-0400 (Bolivia Time),Wed Dec 03 2025 12:03:21 GMT-0400 (Bolivia Time)
202,41,PM-500H Retroexcavadora 430F,PREVENTIVO,POR_HORAS,500,0,Mantenimiento preventivo estándar de 500 horas. Incluye cambio de filtros y aceites según manual.,1,Wed Dec 03 2025 12:03:21 GMT-0400 (Bolivia Time),Wed Dec 03 2025 12:03:21 GMT-0400 (Bolivia Time)
203,41,PM-1000H Retroexcavadora 430F,PREVENTIVO,POR_HORAS,1000,0,Mantenimiento preventivo estándar de 1000 horas. Incluye cambio de filtros y aceites según manual.,1,Wed Dec 03 2025 12:03:21 GMT-0400 (Bolivia Time),Wed Dec 03 2025 12:03:21 GMT-0400 (Bolivia Time)
204,41,PM-2000H Retroexcavadora 430F,PREVENTIVO,POR_HORAS,2000,0,Mantenimiento preventivo estándar de 2000 horas. Incluye cambio de filtros y aceites según manual.,1,Wed Dec 03 2025 12:03:21 GMT-0400 (Bolivia Time),Wed Dec 03 2025 12:03:21 GMT-0400 (Bolivia Time)
205,41,Correctivo General 430F,CORRECTIVO,CRONOGRAMA,0,0,Plan para reparaciones no programadas y fallas imprevistas.,1,Wed Dec 03 2025 12:03:21 GMT-0400 (Bolivia Time),Wed Dec 03 2025 12:03:21 GMT-0400 (Bolivia Time)
206,42,PM-250H Excavadora 349,PREVENTIVO,POR_HORAS,250,0,Mantenimiento preventivo estándar de 250 horas. Incluye cambio de filtros y aceites según manual.,1,Wed Dec 03 2025 12:03:21 GMT-0400 (Bolivia Time),Wed Dec 03 2025 12:03:21 GMT-0400 (Bolivia Time)
207,42,PM-500H Excavadora 349,PREVENTIVO,POR_HORAS,500,0,Mantenimiento preventivo estándar de 500 horas. Incluye cambio de filtros y aceites según manual.,1,Wed Dec 03 2025 12:03:21 GMT-0400 (Bolivia Time),Wed Dec 03 2025 12:03:21 GMT-0400 (Bolivia Time)
208,42,PM-1000H Excavadora 349,PREVENTIVO,POR_HORAS,1000,0,Mantenimiento preventivo estándar de 1000 horas. Incluye cambio de filtros y aceites según manual.,1,Wed Dec 03 2025 12:03:21 GMT-0400 (Bolivia Time),Wed Dec 03 2025 12:03:21 GMT-0400 (Bolivia Time)
209,42,PM-2000H Excavadora 349,PREVENTIVO,POR_HORAS,2000,0,Mantenimiento preventivo estándar de 2000 horas. Incluye cambio de filtros y aceites según manual.,1,Wed Dec 03 2025 12:03:21 GMT-0400 (Bolivia Time),Wed Dec 03 2025 12:03:21 GMT-0400 (Bolivia Time)
210,42,Correctivo General 349,CORRECTIVO,CRONOGRAMA,0,0,Plan para reparaciones no programadas y fallas imprevistas.,1,Wed Dec 03 2025 12:03:21 GMT-0400 (Bolivia Time),Wed Dec 03 2025 12:03:21 GMT-0400 (Bolivia Time)
211,43,PM-250H Rodillo CV533,PREVENTIVO,POR_HORAS,250,0,Mantenimiento preventivo estándar de 250 horas. Incluye cambio de filtros y aceites según manual.,1,Wed Dec 03 2025 12:03:21 GMT-0400 (Bolivia Time),Wed Dec 03 2025 12:03:21 GMT-0400 (Bolivia Time)
212,43,PM-500H Rodillo CV533,PREVENTIVO,POR_HORAS,500,0,Mantenimiento preventivo estándar de 500 horas. Incluye cambio de filtros y aceites según manual.,1,Wed Dec 03 2025 12:03:21 GMT-0400 (Bolivia Time),Wed Dec 03 2025 12:03:21 GMT-0400 (Bolivia Time)
213,43,PM-1000H Rodillo CV533,PREVENTIVO,POR_HORAS,1000,0,Mantenimiento preventivo estándar de 1000 horas. Incluye cambio de filtros y aceites según manual.,1,Wed Dec 03 2025 12:03:21 GMT-0400 (Bolivia Time),Wed Dec 03 2025 12:03:21 GMT-0400 (Bolivia Time)
214,43,PM-2000H Rodillo CV533,PREVENTIVO,POR_HORAS,2000,0,Mantenimiento preventivo estándar de 2000 horas. Incluye cambio de filtros y aceites según manual.,1,Wed Dec 03 2025 12:03:21 GMT-0400 (Bolivia Time),Wed Dec 03 2025 12:03:21 GMT-0400 (Bolivia Time)
215,43,Correctivo General CV533,CORRECTIVO,CRONOGRAMA,0,0,Plan para reparaciones no programadas y fallas imprevistas.,1,Wed Dec 03 2025 12:03:21 GMT-0400 (Bolivia Time),Wed Dec 03 2025 12:03:21 GMT-0400 (Bolivia Time)
216,44,PM-250H Cargador 950M,PREVENTIVO,POR_HORAS,250,0,Mantenimiento preventivo estándar de 250 horas. Incluye cambio de filtros y aceites según manual.,1,Wed Dec 03 2025 12:03:21 GMT-0400 (Bolivia Time),Wed Dec 03 2025 12:03:21 GMT-0400 (Bolivia Time)
217,44,PM-500H Cargador 950M,PREVENTIVO,POR_HORAS,500,0,Mantenimiento preventivo estándar de 500 horas. Incluye cambio de filtros y aceites según manual.,1,Wed Dec 03 2025 12:03:21 GMT-0400 (Bolivia Time),Wed Dec 03 2025 12:03:21 GMT-0400 (Bolivia Time)
218,44,PM-1000H Cargador 950M,PREVENTIVO,POR_HORAS,1000,0,Mantenimiento preventivo estándar de 1000 horas. Incluye cambio de filtros y aceites según manual.,1,Wed Dec 03 2025 12:03:21 GMT-0400 (Bolivia Time),Wed Dec 03 2025 12:03:21 GMT-0400 (Bolivia Time)
219,44,PM-2000H Cargador 950M,PREVENTIVO,POR_HORAS,2000,0,Mantenimiento preventivo estándar de 2000 horas. Incluye cambio de filtros y aceites según manual.,1,Wed Dec 03 2025 12:03:21 GMT-0400 (Bolivia Time),Wed Dec 03 2025 12:03:21 GMT-0400 (Bolivia Time)
220,44,Correctivo General 950M,CORRECTIVO,CRONOGRAMA,0,0,Plan para reparaciones no programadas y fallas imprevistas.,1,Wed Dec 03 2025 12:03:21 GMT-0400 (Bolivia Time),Wed Dec 03 2025 12:03:21 GMT-0400 (Bolivia Time)
221,45,PM-250H Grúa LTM 1100,PREVENTIVO,POR_HORAS,250,0,Mantenimiento preventivo estándar de 250 horas. Incluye cambio de filtros y aceites según manual.,1,Wed Dec 03 2025 12:03:21 GMT-0400 (Bolivia Time),Wed Dec 03 2025 12:03:21 GMT-0400 (Bolivia Time)
222,45,PM-500H Grúa LTM 1100,PREVENTIVO,POR_HORAS,500,0,Mantenimiento preventivo estándar de 500 horas. Incluye cambio de filtros y aceites según manual.,1,Wed Dec 03 2025 12:03:21 GMT-0400 (Bolivia Time),Wed Dec 03 2025 12:03:21 GMT-0400 (Bolivia Time)
223,45,PM-1000H Grúa LTM 1100,PREVENTIVO,POR_HORAS,1000,0,Mantenimiento preventivo estándar de 1000 horas. Incluye cambio de filtros y aceites según manual.,1,Wed Dec 03 2025 12:03:21 GMT-0400 (Bolivia Time),Wed Dec 03 2025 12:03:21 GMT-0400 (Bolivia Time)
224,45,PM-2000H Grúa LTM 1100,PREVENTIVO,POR_HORAS,2000,0,Mantenimiento preventivo estándar de 2000 horas. Incluye cambio de filtros y aceites según manual.,1,Wed Dec 03 2025 12:03:21 GMT-0400 (Bolivia Time),Wed Dec 03 2025 12:03:21 GMT-0400 (Bolivia Time)
225,45,Correctivo General LTM 1100,CORRECTIVO,CRONOGRAMA,0,0,Plan para reparaciones no programadas y fallas imprevistas.,1,Wed Dec 03 2025 12:03:21 GMT-0400 (Bolivia Time),Wed Dec 03 2025 12:03:21 GMT-0400 (Bolivia Time)
226,46,PM-250H Grúa LTM 1100,PREVENTIVO,POR_HORAS,250,0,Mantenimiento preventivo estándar de 250 horas. Incluye cambio de filtros y aceites según manual.,1,Wed Dec 03 2025 12:03:21 GMT-0400 (Bolivia Time),Wed Dec 03 2025 12:03:21 GMT-0400 (Bolivia Time)
227,46,PM-500H Grúa LTM 1100,PREVENTIVO,POR_HORAS,500,0,Mantenimiento preventivo estándar de 500 horas. Incluye cambio de filtros y aceites según manual.,1,Wed Dec 03 2025 12:03:21 GMT-0400 (Bolivia Time),Wed Dec 03 2025 12:03:21 GMT-0400 (Bolivia Time)
228,46,PM-1000H Grúa LTM 1100,PREVENTIVO,POR_HORAS,1000,0,Mantenimiento preventivo estándar de 1000 horas. Incluye cambio de filtros y aceites según manual.,1,Wed Dec 03 2025 12:03:21 GMT-0400 (Bolivia Time),Wed Dec 03 2025 12:03:21 GMT-0400 (Bolivia Time)
229,46,PM-2000H Grúa LTM 1100,PREVENTIVO,POR_HORAS,2000,0,Mantenimiento preventivo estándar de 2000 horas. Incluye cambio de filtros y aceites según manual.,1,Wed Dec 03 2025 12:03:21 GMT-0400 (Bolivia Time),Wed Dec 03 2025 12:03:21 GMT-0400 (Bolivia Time)
230,46,Correctivo General LTM 1100,CORRECTIVO,CRONOGRAMA,0,0,Plan para reparaciones no programadas y fallas imprevistas.,1,Wed Dec 03 2025 12:03:21 GMT-0400 (Bolivia Time),Wed Dec 03 2025 12:03:21 GMT-0400 (Bolivia Time)
231,47,PM-250H Motoniveladora G930,PREVENTIVO,POR_HORAS,250,0,Mantenimiento preventivo estándar de 250 horas. Incluye cambio de filtros y aceites según manual.,1,Wed Dec 03 2025 12:03:21 GMT-0400 (Bolivia Time),Wed Dec 03 2025 12:03:21 GMT-0400 (Bolivia Time)
232,47,PM-500H Motoniveladora G930,PREVENTIVO,POR_HORAS,500,0,Mantenimiento preventivo estándar de 500 horas. Incluye cambio de filtros y aceites según manual.,1,Wed Dec 03 2025 12:03:21 GMT-0400 (Bolivia Time),Wed Dec 03 2025 12:03:21 GMT-0400 (Bolivia Time)
233,47,PM-1000H Motoniveladora G930,PREVENTIVO,POR_HORAS,1000,0,Mantenimiento preventivo estándar de 1000 horas. Incluye cambio de filtros y aceites según manual.,1,Wed Dec 03 2025 12:03:21 GMT-0400 (Bolivia Time),Wed Dec 03 2025 12:03:21 GMT-0400 (Bolivia Time)
234,47,PM-2000H Motoniveladora G930,PREVENTIVO,POR_HORAS,2000,0,Mantenimiento preventivo estándar de 2000 horas. Incluye cambio de filtros y aceites según manual.,1,Wed Dec 03 2025 12:03:21 GMT-0400 (Bolivia Time),Wed Dec 03 2025 12:03:21 GMT-0400 (Bolivia Time)
235,47,Correctivo General G930,CORRECTIVO,CRONOGRAMA,0,0,Plan para reparaciones no programadas y fallas imprevistas.,1,Wed Dec 03 2025 12:03:21 GMT-0400 (Bolivia Time),Wed Dec 03 2025 12:03:21 GMT-0400 (Bolivia Time)
236,48,PM-250H Rodillo BW211,PREVENTIVO,POR_HORAS,250,0,Mantenimiento preventivo estándar de 250 horas. Incluye cambio de filtros y aceites según manual.,1,Wed Dec 03 2025 12:03:21 GMT-0400 (Bolivia Time),Wed Dec 03 2025 12:03:21 GMT-0400 (Bolivia Time)
237,48,PM-500H Rodillo BW211,PREVENTIVO,POR_HORAS,500,0,Mantenimiento preventivo estándar de 500 horas. Incluye cambio de filtros y aceites según manual.,1,Wed Dec 03 2025 12:03:21 GMT-0400 (Bolivia Time),Wed Dec 03 2025 12:03:21 GMT-0400 (Bolivia Time)
238,48,PM-1000H Rodillo BW211,PREVENTIVO,POR_HORAS,1000,0,Mantenimiento preventivo estándar de 1000 horas. Incluye cambio de filtros y aceites según manual.,1,Wed Dec 03 2025 12:03:21 GMT-0400 (Bolivia Time),Wed Dec 03 2025 12:03:21 GMT-0400 (Bolivia Time)
239,48,PM-2000H Rodillo BW211,PREVENTIVO,POR_HORAS,2000,0,Mantenimiento preventivo estándar de 2000 horas. Incluye cambio de filtros y aceites según manual.,1,Wed Dec 03 2025 12:03:21 GMT-0400 (Bolivia Time),Wed Dec 03 2025 12:03:21 GMT-0400 (Bolivia Time)
240,48,Correctivo General BW211,CORRECTIVO,CRONOGRAMA,0,0,Plan para reparaciones no programadas y fallas imprevistas.,1,Wed Dec 03 2025 12:03:21 GMT-0400 (Bolivia Time),Wed Dec 03 2025 12:03:21 GMT-0400 (Bolivia Time)
241,49,PM-250H Volquete HD785,PREVENTIVO,POR_HORAS,250,0,Mantenimiento preventivo estándar de 250 horas. Incluye cambio de filtros y aceites según manual.,1,Wed Dec 03 2025 12:03:21 GMT-0400 (Bolivia Time),Wed Dec 03 2025 12:03:21 GMT-0400 (Bolivia Time)
242,49,PM-500H Volquete HD785,PREVENTIVO,POR_HORAS,500,0,Mantenimiento preventivo estándar de 500 horas. Incluye cambio de filtros y aceites según manual.,1,Wed Dec 03 2025 12:03:21 GMT-0400 (Bolivia Time),Wed Dec 03 2025 12:03:21 GMT-0400 (Bolivia Time)
243,49,PM-1000H Volquete HD785,PREVENTIVO,POR_HORAS,1000,0,Mantenimiento preventivo estándar de 1000 horas. Incluye cambio de filtros y aceites según manual.,1,Wed Dec 03 2025 12:03:21 GMT-0400 (Bolivia Time),Wed Dec 03 2025 12:03:21 GMT-0400 (Bolivia Time)
244,49,PM-2000H Volquete HD785,PREVENTIVO,POR_HORAS,2000,0,Mantenimiento preventivo estándar de 2000 horas. Incluye cambio de filtros y aceites según manual.,1,Wed Dec 03 2025 12:03:21 GMT-0400 (Bolivia Time),Wed Dec 03 2025 12:03:21 GMT-0400 (Bolivia Time)
245,49,Correctivo General HD785,CORRECTIVO,CRONOGRAMA,0,0,Plan para reparaciones no programadas y fallas imprevistas.,1,Wed Dec 03 2025 12:03:21 GMT-0400 (Bolivia Time),Wed Dec 03 2025 12:03:21 GMT-0400 (Bolivia Time)
246,50,PM-250H Excavadora 320,PREVENTIVO,POR_HORAS,250,0,Mantenimiento preventivo estándar de 250 horas. Incluye cambio de filtros y aceites según manual.,1,Wed Dec 03 2025 12:03:21 GMT-0400 (Bolivia Time),Wed Dec 03 2025 12:03:21 GMT-0400 (Bolivia Time)
247,50,PM-500H Excavadora 320,PREVENTIVO,POR_HORAS,500,0,Mantenimiento preventivo estándar de 500 horas. Incluye cambio de filtros y aceites según manual.,1,Wed Dec 03 2025 12:03:21 GMT-0400 (Bolivia Time),Wed Dec 03 2025 12:03:21 GMT-0400 (Bolivia Time)
248,50,PM-1000H Excavadora 320,PREVENTIVO,POR_HORAS,1000,0,Mantenimiento preventivo estándar de 1000 horas. Incluye cambio de filtros y aceites según manual.,1,Wed Dec 03 2025 12:03:21 GMT-0400 (Bolivia Time),Wed Dec 03 2025 12:03:21 GMT-0400 (Bolivia Time)
249,50,PM-2000H Excavadora 320,PREVENTIVO,POR_HORAS,2000,0,Mantenimiento preventivo estándar de 2000 horas. Incluye cambio de filtros y aceites según manual.,1,Wed Dec 03 2025 12:03:21 GMT-0400 (Bolivia Time),Wed Dec 03 2025 12:03:21 GMT-0400 (Bolivia Time)
250,50,Correctivo General 320,CORRECTIVO,CRONOGRAMA,0,0,Plan para reparaciones no programadas y fallas imprevistas.,1,Wed Dec 03 2025 12:03:21 GMT-0400 (Bolivia Time),Wed Dec 03 2025 12:03:21 GMT-0400 (Bolivia Time)
